,name,type,username,userid,friends,followers,contacts,verified,location,age,tweets,activity,reputation,url,tweets_collected,tokens,tweets_fi,tokens_fi,tweets_en,tokens_en,tweets_sv,tokens_sv,lat,lng,population,created,perc_fi,perc_sv,perc_en,perc_out_of_fi_tweets,perc_out_of_sv_tweets,perc_out_of_en_tweets,perc_out_of_all_tweets,updated_location,region,smaller_region,size_of_municipality,size_group
0,Juvan kunta,city,Juvankunta,76620120,65,139,204,False,Juva,4866,169,0.03,0.32,https://twitter.com/juvankunta,145,1416,135,1415,0,0,0,0,61.8972,27.8569,6548,2009,0.9310344827586208,0.0,0.0,0.0002372079048216,0.0,0.0,0.000230281181263,Juva,Northern and Eastern Finland,South Savo,5769.0,rural
1,"oulun kaupunki, oulu",city,oulunkaupunki,77176932,391,11181,11572,False,Oulu,4864,28871,5.94,0.03,https://twitter.com/oulunkaupunki,23800,268475,23102,260851,497,5952,4,51,65.0142,25.4719,200526,2009,0.970672268907563,0.0001680672268907,0.0208823529411764,0.040592422349553,0.0002222222222222,0.0255737367500257,0.0377978766486941,Oulu,Northern and Eastern Finland,North Ostrobothnia,211848.0,bigger_cities
2,tampereen kaupunki,city,Tamperekaupunki,86911266,243,20367,20610,False,Tampere,4826,54967,11.39,0.01,https://twitter.com/tamperekaupunki,32199,302862,30789,286825,1055,14112,7,44,61.4981,23.7608,225118,2009,0.956209820180751,0.0002173980558402,0.0327649927016367,0.0540992161596567,0.0003888888888888,0.0542863023566944,0.0511367155550967,Tampere,Western Finland,Pirkanmaa,249009.0,bigger_cities
3,raseborg-raasepori,city,Raseborg,108907444,244,1045,1289,False,Raseborg,4740,5702,1.2,0.19,https://twitter.com/raseborg,5075,65056,2616,30019,16,183,2373,34293,59.975,23.4361,28405,2010,0.5154679802955665,0.4675862068965517,0.0031527093596059,0.0045965620667661,0.1318333333333333,0.0008232993722342,0.0080598413442068,Raasepori,Helsinki-Uusimaa,Uusimaa,27306.0,smaller_cities
4,Rautalampi,city,rautalampi,117689464,46,220,266,False,Rautalampi,4710,791,0.17,0.17,https://twitter.com/rautalampi,767,5665,659,5609,1,4,0,0,62.6217,26.8333,3303,2010,0.8591916558018253,0.0,0.0013037809647979,0.0011579259946478,0.0,5.145621076463929e-05,0.0012181080415776,Rautalampi,Northern and Eastern Finland,North Savo,2964.0,rural
5,Alavuden kaupunki,city,CityofAlavus,120871541,5,189,194,False,Alavus,4701,7,0.0,0.03,https://twitter.com/CityofAlavus,6,105,6,105,0,0,0,0,62.5861,23.6194,12044,2010,1.0,0.0,0.0,1.0542573547628712e-05,0.0,0.0,9.528876466057349e-06,Alavus,Western Finland,South Ostrobothnia,11102.0,smaller_cities
6,Saarijärven kaupunki,city,saarijarvicity,124439843,0,131,131,False,Saarijärvi,4689,0,0.0,0.0,https://twitter.com/saarijarvicity?lang=fi,0,0,0,0,0,0,0,0,62.7056,25.2569,9915,2010,,,,0.0,0.0,0.0,0.0,Saarijärvi,Western Finland,Central Finland,8975.0,rural
7,turun kaupunki,city,Turkukaupunki,125972363,589,15652,16241,True,Turku,4684,27999,5.98,0.04,https://twitter.com/turkukaupunki,16200,198170,15277,183538,169,2128,575,12014,60.4517,22.27,187604,2010,0.9430246913580248,0.0354938271604938,0.010432098765432,0.0268431493478539,0.0319444444444444,0.008696099619224,0.0257279664583548,Turku,Southern Finland,Southwest Finland,197900.0,bigger_cities
8,kirkkonummi,city,Kirkkonummi,183188352,104,1189,1293,False,Kirkkonummi,4529,1526,0.34,0.08,https://twitter.com/kirkkonummi,1363,21383,871,12414,4,69,462,8807,60.1167,24.4167,38649,2010,0.6390315480557593,0.338958180484226,0.0029347028613352,0.0015304302599974,0.0256666666666666,0.0002058248430585,0.0021646431038726,Kirkkonummi,Helsinki-Uusimaa,Uusimaa,40722.0,smaller_cities
9,rauman kaupunki,city,raumafi,221713994,129,2411,2540,False,Rauma,4432,4276,0.96,0.05,https://twitter.com/raumafi,3896,42760,3768,42189,31,345,2,8,61.1167,21.5,39809,2010,0.9671457905544149,0.0005133470225872,0.0079568788501026,0.0066207361879108,0.0001111111111111,0.0015951425337038,0.0061874171186265,Rauma,Western Finland,Satakunta,38667.0,smaller_cities
10,eurajoki,city,eurajoenkunta,253005357,6,256,262,False,Eurajoki,4355,648,0.15,0.02,https://twitter.com/eurajoenkunta,624,5448,517,5430,1,7,2,6,61.2,21.7333,5938,2011,0.8285256410256411,0.0032051282051282,0.0016025641025641,0.0009084184206873,0.0001111111111111,5.145621076463929e-05,0.0009910031524699,Eurajoki,Western Finland,Satakunta,9211.0,rural
11,pudasjärven kaupunki,city,pudasjarvi,253052968,156,850,1006,False,Pudasjärvi,4355,1263,0.29,0.16,https://twitter.com/pudasjarvi,1196,6618,1167,6506,4,73,0,0,65.3583,27.0,8257,2011,0.975752508361204,0.0,0.0033444816053511,0.0020505305550137,0.0,0.0002058248430585,0.0018994227089007,Pudasjärvi,Northern and Eastern Finland,North Ostrobothnia,7603.0,rural
12,pieksämäen kaupunki,city,pieksamakipmk,254445332,383,1050,1433,False,Pieksämäki,4352,7881,1.81,0.27,https://twitter.com/pieksamakipmk,7577,38232,6810,35998,97,354,17,58,62.3,27.1583,18220,2011,0.8987726012933879,0.0022436320443447,0.0128019004883199,0.0119658209765585,0.0009444444444444,0.00499125244417,0.0120333828305527,Pieksämäki,Northern and Eastern Finland,South Savo,17077.0,smaller_cities
13,jyväskylän kaupunki,city,JKLn_kaupunki,313841028,101,5596,5697,False,Jyväskylä,4242,19171,4.52,0.02,https://twitter.com/jkln_kaupunki,17729,151625,17360,146610,230,3345,7,54,62.2333,25.7333,137368,2011,0.979186643352699,0.0003948333239325,0.012973094929212,0.0305031794644724,0.0003888888888888,0.011834928475867,0.0281562418111217,Jyväskylä,Western Finland,Central Finland,145887.0,bigger_cities
14,espoon kaupunki,city,EspooEsbo,347083536,344,12048,12392,True,Espoo,4188,14669,3.5,0.03,https://twitter.com/espooesbo,11573,191032,9460,137263,1087,31360,897,21805,60.21,24.66,269802,2011,0.817419856562689,0.0775079927417264,0.0939255162879115,0.0166221242934279,0.0498333333333333,0.0559329011011629,0.0183796145569469,Espoo,Helsinki-Uusimaa,Uusimaa,305274.0,metropolitan
15,Hailuodon kunta,city,Hailuoto,398484374,391,593,984,False,Hailuoto,4103,1314,0.32,0.4,https://twitter.com/hailuoto,1195,14782,1062,14648,4,19,4,18,65.0167,24.7167,993,2011,0.8887029288702929,0.003347280334728,0.003347280334728,0.0018660355179302,0.0002222222222222,0.0002058248430585,0.001897834562823,Hailuoto,Northern and Eastern Finland,North Ostrobothnia,960.0,rural
16,rovaniemen kaupunki,city,Roikaupunki,408378001,226,2953,3179,False,Rovaniemi,4089,7679,1.88,0.07,https://twitter.com/roikaupunki,7016,63741,6840,62777,28,380,0,0,66.5028,25.7285,61763,2011,0.9749144811858608,0.0,0.0039908779931584,0.0120185338442967,0.0,0.0014407739014099,0.0111424328809763,Rovaniemi,Northern and Eastern Finland,Lapland,64535.0,smaller_cities
17,lohjan kaupunki,city,lohjankaupunki,452942175,988,1259,2247,False,Lohja,4035,882,0.22,0.44,https://twitter.com/lohjankaupunki,709,12197,668,11660,8,152,16,366,60.25,24.0667,47353,2012,0.9421720733427362,0.0225669957686882,0.0112834978843441,0.0011737398549693,0.0008888888888888,0.0004116496861171,0.0011259955690724,Lohja,Helsinki-Uusimaa,Uusimaa,45811.0,smaller_cities
18,Lemlands kommun,city,Lemlandskommun,473755802,113,93,206,False,Lemland,4012,18,0.0,0.55,https://twitter.com/lemlandskommun,16,229,0,0,0,0,16,229,60.0806,20.1,1991,2012,0.0,1.0,0.0,0.0,0.0008888888888888,0.0,2.5410337242819597e-05,Lemland,Åland,Åland,2131.0,rural
19,vaasan kaupunki i vasa stad,city,VaasaVasa,486609339,119,3232,3351,False,Vaasa,3998,6403,1.6,0.04,https://twitter.com/vaasavasa,5670,101868,3061,47071,257,6883,2269,47372,63.1,21.6167,67619,2012,0.5398589065255732,0.4001763668430335,0.0453262786596119,0.0053784696048819,0.1260555555555555,0.0132242461665122,0.0090047882604241,Vaasa,Western Finland,Ostrobothnia,67988.0,smaller_cities
20,kouvolan kaupunki,city,Kouvolakaupunki,501531136,267,2696,2963,False,Kouvola,3982,7923,1.99,0.09,https://twitter.com/kouvolakaupunki,6378,78079,6243,77680,15,136,4,55,60.8681,26.7042,85855,2012,0.9788334901222954,0.0006271558482282,0.002351834430856,0.0109695477763076,0.0002222222222222,0.0007718431614695,0.0101291956834189,Kouvola,Southern Finland,Kymenlaakso,79429.0,smaller_cities
21,salon kaupunki,city,Salonkaupunki,524112438,1023,2162,3185,False,Salo,3963,9316,2.35,0.32,https://twitter.com/salonkaupunki,6707,105346,6613,104719,41,473,0,0,60.3831,23.1331,53890,2012,0.9859847920083494,0.0,0.0061130162516773,0.0116196731450781,0.0,0.0021097046413502,0.0106516957429744,Salo,Southern Finland,Southwest Finland,50933.0,smaller_cities
22,lappeenranta,city,LappeenrantaFi,564359611,315,4021,4336,False,Lappeenranta,3919,6069,1.55,0.07,https://twitter.com/lappeenrantafi,4199,48879,3785,45106,251,2678,2,10,61.0583,28.1861,72875,2012,0.901405096451536,0.0004763038818766,0.0597761371755179,0.0066506068129624,0.0001111111111111,0.0129155089019244,0.0066686253801624,Lappeenranta,Southern Finland,South Karelia,72650.0,smaller_cities
23,porin kaupunki,city,Porikaupunki,607153948,353,3641,3994,False,Pori,3872,6187,1.6,0.09,https://twitter.com/porikaupunki,5807,87011,5786,86768,7,200,2,25,61.4847,21.7972,85363,2012,0.9963836748751508,0.0003444119166523,0.0012054417082831,0.0101665550910966,0.0001111111111111,0.0003601934753524,0.0092223642730658,Pori,Western Finland,Satakunta,83205.0,smaller_cities
24,raision kaupunki,city,Raisionkaupunki,730481888,268,1492,1760,False,Raisio,3823,2022,0.53,0.15,https://twitter.com/raisionkaupunki,1159,14650,1145,14621,0,0,0,0,60.4861,22.1694,24290,2012,0.987920621225194,0.0,0.0,0.0020118744520058,0.0,0.0,0.0018406613040267,Raisio,Southern Finland,Southwest Finland,24942.0,smaller_cities
25,Kokkola Karleby,city,KokkolaKarleby,791327258,370,1334,1704,False,Kokkola,3794,1367,0.36,0.22,https://twitter.com/KokkolaKarleby,1285,18916,1254,18274,1,1,27,634,63.8376,23.132,47570,2012,0.9758754863813228,0.0210116731517509,0.0007782101167315,0.0022033978714544,0.0015,5.145621076463929e-05,0.0020407677098139,Kokkola,Northern and Eastern Finland,Central Ostrobothnia,48006.0,smaller_cities
26,limingan kunta,city,LiminganKunta,839212730,242,581,823,False,Liminka,3771,2248,0.6,0.29,https://twitter.com/limingankunta,2048,24320,1980,24269,3,37,0,0,64.8083,25.4167,9937,2012,0.966796875,0.0,0.00146484375,0.0034790492707174,0.0,0.0001543686322939,0.0032525231670809,Liminka,Northern and Eastern Finland,North Ostrobothnia,10258.0,smaller_cities
27,kuopion kaupunki,city,Kuopionkaupunki,901400844,110,5365,5475,False,Kuopio,3739,8121,2.17,0.02,https://twitter.com/kuopionkaupunki,6354,98556,6199,94904,120,3263,5,168,62.8925,27.6783,120246,2012,0.9756059175322632,0.000786905886056,0.0188857412653446,0.0108922355702917,0.0002777777777777,0.0061747452917567,0.0100910801775547,Kuopio,Northern and Eastern Finland,North Savo,122594.0,bigger_cities
28,kaarinan kaupunki,city,Kaarinakaupunki,973617919,94,1153,1247,False,Kaarina,3705,563,0.15,0.08,https://twitter.com/kaarinakaupunki,365,3587,351,3548,3,7,1,8,60.4069,22.3722,32590,2012,0.9616438356164384,0.0027397260273972,0.0082191780821917,0.0006167405525362,5.555555555555556e-05,0.0001543686322939,0.0005796733183518,Kaarina,Southern Finland,Southwest Finland,35848.0,smaller_cities
29,nokian kaupunki,city,Nokiankaupunki,1003495064,738,2149,2887,False,Nokia,3691,3547,0.96,0.26,https://twitter.com/nokiankaupunki,2620,41516,2598,41362,9,97,2,42,61.4767,23.5053,33322,2012,0.9916030534351143,0.0007633587786259,0.0034351145038167,0.0045649343461232,0.0001111111111111,0.0004631058968817,0.0041609427235117,Nokia,Western Finland,Pirkanmaa,35346.0,smaller_cities
30,riihimäen kaupunki,city,RiihimakiCity,1039166852,255,2292,2547,False,Riihimäki,3675,7122,1.94,0.1,https://twitter.com/riihimakicity,4509,53955,4460,53762,12,150,0,0,60.7333,24.7667,29269,2012,0.9891328454202706,0.0,0.0026613439787092,0.0078366463370706,0.0,0.0006174745291756,0.007160950664242,Riihimäki,Southern Finland,Kanta-Häme,28349.0,smaller_cities
31,lahden kaupunki,city,LahdenKaupunki,1089002972,700,6233,6933,False,Lahti,3657,13129,3.59,0.1,https://twitter.com/lahdenkaupunki,9141,113549,8913,110014,159,3411,2,14,60.9804,25.655,118119,2013,0.975057433541188,0.0002187944426211,0.017394158188382,0.0156609930050024,0.0001111111111111,0.0081815375115776,0.0145172432960383,Lahti,Southern Finland,Päijät-Häme,120175.0,bigger_cities
32,savonlinnan kaupunki,city,SLN_Kaupunki,1110971136,46,1325,1371,False,Savonlinna,3649,1275,0.35,0.03,https://twitter.com/sln_kaupunki,1105,16905,1074,16879,3,20,0,0,61.8667,28.8831,35523,2013,0.971945701357466,0.0,0.0027149321266968,0.0018871206650255,0.0,0.0001543686322939,0.0017549014158322,Savonlinna,Northern and Eastern Finland,South Savo,32085.0,smaller_cities
33,helsingin kaupunki,city,helsinki,1114618434,1367,45268,46635,True,Helsinki,3648,38902,10.66,0.03,https://twitter.com/helsinki,32443,431779,28427,369013,2092,32851,1514,28396,60.1756,24.9342,642045,2013,0.8762136670468206,0.0466664611780661,0.0644823228431402,0.0499489563730735,0.0841111111111111,0.1076463929196254,0.0515242231980497,Helsinki,Helsinki-Uusimaa,Uusimaa,664028.0,metropolitan
34,vantaan kaupunki,city,VantaanKaupunki,1147990512,874,8148,9022,False,Vantaa,3636,14749,4.06,0.1,https://twitter.com/vantaankaupunki,11285,150723,10719,142023,237,4029,205,3701,60.3,25.0333,214605,2013,0.9498449268941072,0.0181657066902968,0.0210013291980505,0.0188343076428386,0.0113888888888888,0.0121951219512195,0.0179222284865761,Vantaa,Helsinki-Uusimaa,Uusimaa,242819.0,metropolitan
35,akaan kaupunki,city,Akaankaupunki,1182529243,202,1396,1598,False,Toijala,3625,1974,0.54,0.13,https://twitter.com/akaankaupunki,1446,17279,1418,17194,2,63,2,6,61.1667,23.8681,17043,2013,0.9806362378976486,0.0013831258644536,0.0013831258644536,0.0024915615484229,0.0001111111111111,0.0001029124215292,0.0022964592283198,Akaa,Western Finland,Pirkanmaa,16473.0,smaller_cities
36,joensuun kaupunki,city,Joensuu_fi,1225776955,634,3902,4536,False,Joensuu,3613,11055,3.06,0.14,https://twitter.com/joensuu_fi,9649,106386,9538,105601,70,679,3,6,62.6,29.7639,75514,2013,0.9884962172245828,0.0003109130479842,0.007254637786299,0.0167591777495471,0.0001666666666666,0.0036019347535247,0.0153240215034978,Joensuu,Northern and Eastern Finland,North Karelia,77513.0,smaller_cities
37,hyvinkään kaupunki,city,HyvinkaaCity,1264332386,70,2195,2265,False,Hyvinkää,3599,3418,0.95,0.03,https://twitter.com/hyvinkaacity,3044,34212,3012,34162,2,20,0,0,60.6306,24.8597,46463,2013,0.9894875164257556,0.0,0.0006570302233902,0.0052923719209096,0.0,0.0001029124215292,0.0048343166604464,Hyvinkää,Helsinki-Uusimaa,Uusimaa,46797.0,smaller_cities
38,kauniainen - grankulla,city,KauniainenGrani,1280290290,58,992,1050,False,Kauniainen,3593,1847,0.51,0.06,https://twitter.com/kauniainengrani,1329,18314,962,13412,13,118,274,4578,60.2097,24.7264,9486,2013,0.7238525206922498,0.2061700526711813,0.0097817908201655,0.0016903259588031,0.0152222222222222,0.0006689307399403,0.0021106461372317,Kauniainen,Helsinki-Uusimaa,Uusimaa,10284.0,metropolitan
39,jakobstadpietarsaari,city,StadenJakobstad,1356174954,118,731,849,False,Jakobstad,3565,1995,0.56,0.14,https://twitter.com/stadenjakobstad,1763,32520,1124,20292,10,211,588,11627,63.6667,22.7,19436,2013,0.6375496313102665,0.3335224049914917,0.0056721497447532,0.0019749754445891,0.0326666666666666,0.0005145621076463,0.0027999015349431,Jakobstad,Western Finland,Ostrobothnia,19207.0,smaller_cities
40,hämeenlinnan kaupunki,city,HMLkaupunki,1374334387,262,3339,3601,False,Hämeenlinna,3558,3407,0.96,0.07,https://twitter.com/hmlkaupunki,2374,26903,2343,26808,6,52,0,0,61.0,24.4414,68011,2013,0.9869418702611626,0.0,0.0025273799494524,0.004116874970349,0.0,0.0003087372645878,0.0037702587884033,Hämeenlinna,Southern Finland,Kanta-Häme,68043.0,smaller_cities
41,Alajärven kaupunki,city,alajarvikaup,1445616960,42,169,211,False,Alajärvi,3530,49,0.01,0.2,https://twitter.com/alajarvikaup,42,524,39,524,0,0,0,0,63.0,23.8167,10006,2013,0.9285714285714286,0.0,0.0,6.852672805958663e-05,0.0,0.0,6.670213526240143e-05,Alajärvi,Western Finland,South Ostrobothnia,9183.0,rural
42,Paimion kaupunki,city,paimionkaupunki,1533590491,0,242,242,False,Paimio,3500,3,0.0,0.0,https://mobile.twitter.com/paimionkaupunki,3,27,3,27,0,0,0,0,60.4569,22.6861,10620,2013,1.0,0.0,0.0,5.271286773814356e-06,0.0,0.0,4.764438233028674e-06,Paimio,Southern Finland,Southwest Finland,11138.0,smaller_cities
43,Brändö kommun,city,Brandokommun,1578072152,203,206,409,False,Brändö,3482,477,0.14,0.5,https://twitter.com/brandokommun,455,6883,0,0,1,9,438,6856,60.4117,21.0453,515,2013,0.0,0.9626373626373628,0.0021978021978021,0.0,0.0243333333333333,5.145621076463929e-05,0.0007226064653426,Brändö,Åland,Åland,450.0,rural
44,keravan kaupunki,city,Keravankaupunki,1903216723,164,1802,1966,False,Kerava,3403,1740,0.51,0.08,https://twitter.com/keravankaupunki,1523,19429,1339,18920,16,295,6,182,60.4028,25.1,35293,2013,0.8791858174655286,0.0039395929087327,0.010505581089954,0.0023527509967124,0.0003333333333333,0.0008232993722342,0.0024187464763008,Kerava,Helsinki-Uusimaa,Uusimaa,37676.0,smaller_cities
45,merikaupunki kotka,city,kotkankaupunki,1910803159,305,1956,2261,False,Kotka,3401,1689,0.5,0.13,https://twitter.com/kotkankaupunki,1102,11903,1084,11784,8,80,0,0,60.4667,26.9458,54319,2013,0.9836660617059892,0.0,0.0072595281306715,0.0019046916209382,0.0,0.0004116496861171,0.0017501369775991,Kotka,Southern Finland,Kymenlaakso,50617.0,smaller_cities
46,Vieremän kunta,city,Vierema,2215647864,227,313,540,False,Vieremä,3341,201,0.06,0.42,https://twitter.com/vierema?lang=en,175,1694,174,1694,0,0,0,0,63.7431,27.0014,3757,2013,0.9942857142857144,0.0,0.0,0.0003057346328812,0.0,0.0,0.0002779255635933,Vieremä,Northern and Eastern Finland,North Savo,3427.0,rural
47,pargas parainen,city,PargasParainen,2292405468,559,963,1522,False,Pargas,3291,2887,0.88,0.37,https://twitter.com/pargasparainen,1411,16925,765,9448,13,80,498,7140,60.3,22.3,15457,2014,0.5421686746987951,0.3529411764705882,0.0092133238837703,0.0013441781273226,0.0276666666666666,0.0006689307399403,0.0022408741156011,Pargas,Southern Finland,Southwest Finland,14991.0,smaller_cities
48,tuusniemen kunta,city,tuusniemenkunta,2330089303,1682,547,2229,False,Tuusniemi,3269,1295,0.4,0.75,https://twitter.com/tuusniemenkunta,1177,11301,1029,11271,1,6,0,0,62.8083,28.4917,2597,2014,0.8742565845369583,0.0,0.0008496176720475,0.0018080513634183,0.0,5.145621076463929e-05,0.0018692479334249,Tuusniemi,Northern and Eastern Finland,North Savo,2394.0,rural
49,mikkelin kaupunki,city,MikkelinK,2352851082,271,2522,2793,False,Mikkeli,3255,14834,4.56,0.1,https://twitter.com/mikkelink,12849,98758,12578,98083,65,287,0,0,61.6875,27.2736,54665,2014,0.978908864503074,0.0,0.005058759436532,0.0221007483470123,0.0,0.0033446536997015,0.0204060889520618,Mikkeli,Northern and Eastern Finland,South Savo,51980.0,smaller_cities
50,Ikaalisten kaupunki,city,_Ikaalinen,2447078928,1086,1304,2390,False,Ikaalinen,3200,6185,1.93,0.45,https://twitter.com/_Ikaalinen,1895,24999,1842,24945,1,10,0,0,61.7694,23.0681,7207,2014,0.9720316622691292,0.0,0.0005277044854881,0.003236570079122,0.0,5.145621076463929e-05,0.0030095368171964,Ikaalinen,Western Finland,Pirkanmaa,6804.0,rural
51,Siilinjärven kunta,city,Siilinjarvenkun,2484983658,47,909,956,False,Siilinjärvi,3177,1998,0.63,0.05,https://twitter.com/siilinjarvenkun?lang=fi,1600,10999,1562,10947,2,15,0,0,63.075,27.66,21794,2014,0.97625,0.0,0.00125,0.002744583313566,0.0,0.0001029124215292,0.0025410337242819,Siilinjärvi,Northern and Eastern Finland,North Savo,21232.0,smaller_cities
52,Korsnäs kommun,city,Korsnas_kommun,2514973008,0,54,54,False,Korsnäs,3164,859,0.27,0.0,https://twitter.com/korsnas_kommun,833,7850,6,80,4,7,635,7709,62.7833,21.1833,2201,2014,0.0072028811524609,0.7623049219687875,0.0048019207683073,1.0542573547628712e-05,0.0352777777777777,0.0002058248430585,0.0013229256827042,Korsnäs,Western Finland,Ostrobothnia,2024.0,rural
53,seinäjoen kaupunki,city,Sjkkaupunki,2576571486,306,2944,3250,False,Seinäjoki,3136,3972,1.27,0.09,https://twitter.com/sjkkaupunki,2797,27997,2736,27387,37,550,0,0,62.7903,22.8403,61530,2014,0.978190918841616,0.0,0.013228459063282,0.0048074135377186,0.0,0.0019038797982916,0.0044420445792604,Seinäjoki,Western Finland,South Ostrobothnia,65323.0,smaller_cities
54,liedon kaupunki,city,lietokaupunki,2741626160,54,747,801,False,Lieto,3076,1123,0.37,0.07,https://twitter.com/lietokaupunki,907,9898,874,9853,1,5,1,8,60.5,22.4497,19263,2014,0.9636163175303196,0.0011025358324145,0.0011025358324145,0.0015357015467712,5.555555555555556e-05,5.145621076463929e-05,0.0014404484924523,Lieto,Southern Finland,Southwest Finland,20497.0,smaller_cities
55,Pyhtään kunta,city,Pyhtaankunta,2775913771,293,550,843,False,Pyhtää,3066,1157,0.38,0.35,https://twitter.com/Pyhtaankunta,1002,9071,848,8401,14,181,41,433,60.4922,26.5431,5189,2014,0.846307385229541,0.0409181636726546,0.0139720558882235,0.0014900170613981,0.0022777777777777,0.0007203869507049,0.0015913223698315,Pyhtää,Southern Finland,Kymenlaakso,5117.0,rural
56,Visit Kemijärvi,city,VisitKemijarvi,2783542956,6,157,163,False,Kemijärvi,3062,3,0.0,0.04,https://twitter.com/visitkemijarvi,3,11,2,11,0,0,0,0,66.715,27.4306,7766,2014,0.6666666666666666,0.0,0.0,3.514191182542904e-06,0.0,0.0,4.764438233028674e-06,Kemijärvi,Northern and Eastern Finland,Lapland,6996.0,rural
57,kempeleen kunta,city,KempeleenKunta,2829586429,122,1026,1148,False,Kempele,3039,2263,0.74,0.11,https://twitter.com/kempeleenkunta,1489,15146,1419,15102,1,5,0,0,64.9125,25.5083,17066,2014,0.9529885829415716,0.0,0.0006715916722632,0.0024933186440141,0.0,5.145621076463929e-05,0.0023647495096598,Kempele,Northern and Eastern Finland,North Ostrobothnia,19300.0,smaller_cities
58,Parkanon kaupunki,city,ParkanoKaupunki,2860615486,202,635,837,False,Parkano,2998,292,0.1,0.24,https://twitter.com/parkanokaupunki?lang=en,238,2784,231,2775,0,0,0,0,62.0097,23.025,6766,2014,0.9705882352941176,0.0,0.0,0.0004058890815837,0.0,0.0,0.0003779787664869,Parkano,Western Finland,Pirkanmaa,6240.0,rural
59,imatran kaupunki,city,Imatrankaupunki,2870214027,302,1652,1954,False,Imatra,2992,4364,1.46,0.15,https://twitter.com/imatrankaupunki,3380,37745,3267,37570,13,110,0,0,61.1931,28.7764,27835,2014,0.966568047337278,0.0,0.0038461538461538,0.0057404312966838,0.0,0.0006689307399403,0.0053679337425456,Imatra,Southern Finland,South Karelia,25208.0,smaller_cities
60,jämsän kaupunki,city,JamsanK,2874896325,348,1266,1614,False,Jämsä,2989,8254,2.76,0.22,https://twitter.com/jamsank,6048,68089,5952,67856,15,109,1,5,61.8639,25.1903,21542,2014,0.984126984126984,0.0001653439153439,0.0024801587301587,0.0104582329592476,5.555555555555556e-05,0.0007718431614695,0.0096051074777858,Jämsä,Western Finland,Central Finland,19347.0,smaller_cities
61,Joutsan kunta,city,joutsankunta,2881027858,37,179,216,False,Joutsa,2985,49,0.02,0.17,https://twitter.com/joutsankunta/,38,370,37,359,0,0,0,0,61.7417,26.1153,4688,2014,0.9736842105263158,0.0,0.0,6.501253687704372e-05,0.0,0.0,6.034955095169654e-05,Joutsa,Western Finland,Central Finland,4171.0,rural
62,Janakkalan kunta,city,JanakkalanKunta,2911447851,122,749,871,False,Turenki,2964,993,0.34,0.14,https://twitter.com/janakkalankunta,911,8351,896,8337,0,0,0,0,60.9167,24.6333,7500,2014,0.9835345773874864,0.0,0.0,0.0015743576497792,0.0,0.0,0.001446801076763,Janakkala,Southern Finland,Kanta-Häme,16280.0,smaller_cities
63,iin kunta - municipality of ii,city,IinKunta,2929347934,282,677,959,False,Ii,2954,755,0.26,0.29,https://twitter.com/iinkunta,349,4470,333,4357,5,94,1,12,65.3167,25.3722,9966,2014,0.9541547277936964,0.0028653295128939,0.0143266475644699,0.0005851128318933,5.555555555555556e-05,0.0002572810538231,0.000554262981109,Ii,Northern and Eastern Finland,North Ostrobothnia,9853.0,rural
64,Outokummun kaupunki,city,Outokumpu_fi,2936818229,298,496,794,False,Outokumpu,2950,1437,0.49,0.38,https://twitter.com/outokumpu_fi,863,13886,842,13790,4,79,0,0,62.725,29.0167,7139,2014,0.9756662804171496,0.0,0.0046349942062572,0.0014794744878505,0.0,0.0002058248430585,0.0013705700650345,Outokumpu,Northern and Eastern Finland,North Karelia,6457.0,rural
65,Kuusamon kaupunki,city,KuusamoRuka,2974589722,143,938,1081,False,Kuusamo,2929,628,0.21,0.13,https://twitter.com/KuusamoRuka,437,3853,422,3809,5,29,0,0,65.9667,29.1667,15688,2015,0.965675057208238,0.0,0.011441647597254,0.0007414943395165,0.0,0.0002572810538231,0.0006940198359445,Kuusamo,Northern and Eastern Finland,North Ostrobothnia,15146.0,smaller_cities
66,Pirkkalan kunta,city,Pirkkalankunta,3001061685,89,1367,1456,False,Pirkkala,2914,3564,1.22,0.06,https://twitter.com/pirkkalankunta,2796,37637,2792,37633,0,0,0,0,61.4667,23.65,18913,2015,0.9985693848354792,0.0,0.0,0.0049058108908298,0.0,0.0,0.0044404564331827,Pirkkala,Western Finland,Pirkanmaa,20405.0,smaller_cities
67,Hämeenkyrön kunta,city,HameenkyroKunta,3005375591,257,1021,1278,False,Hämeenkyrö,2911,670,0.23,0.2,https://twitter.com/hameenkyrokunta,481,4301,450,4268,2,8,0,0,61.6333,23.2,10667,2015,0.9355509355509356,0.0,0.0041580041580041,0.0007906930160721,0.0,0.0001029124215292,0.0007638982633622,Hämeenkyrö,Western Finland,Pirkanmaa,10257.0,smaller_cities
68,Liperin kunta,city,LiperinKunta,3085929041,117,755,872,False,Liperi,2871,3702,1.29,0.13,https://twitter.com/LiperinKunta,2865,29850,2815,29785,4,40,0,0,62.5333,29.3833,12150,2015,0.9825479930191972,0.0,0.0013961605584642,0.0049462240894291,0.0,0.0002058248430585,0.0045500385125423,Liperi,Northern and Eastern Finland,North Karelia,11962.0,smaller_cities
69,forssan kaupunki,city,Forssankaupunki,3086584997,6,619,625,False,Forssa,2871,2113,0.74,0.01,https://twitter.com/forssankaupunki,903,8331,872,8088,17,220,0,0,60.8167,23.6167,17422,2015,0.9656699889258028,0.0,0.0188261351052048,0.0015321873555887,0.0,0.0008747555829988,0.0014340959081416,Forssa,Southern Finland,Kanta-Häme,16459.0,smaller_cities
70,Ylöjärven kaupunki,city,YLOkaupunki,3291035135,222,1414,1636,False,Ylöjärvi,2801,3184,1.14,0.14,https://twitter.com/ylokaupunki,2347,31919,2332,31823,3,36,1,11,61.55,23.5833,32738,2015,0.9936088623775032,0.0004260758414997,0.0012782275244993,0.004097546918845,5.555555555555556e-05,0.0001543686322939,0.003727378844306,Ylöjärvi,Western Finland,Pirkanmaa,33607.0,smaller_cities
71,Taidekaupunki,city,ManttaVilppula,3301442313,131,392,523,False,Mänttä,2793,542,0.19,0.25,https://twitter.com/ManttaVilppula,403,6220,390,6158,2,9,0,0,62.0292,24.6236,7077,2015,0.967741935483871,0.0,0.0049627791563275,0.0006852672805958,0.0,0.0001029124215292,0.0006400228693035,Mänttä-Vilppula,Western Finland,Pirkanmaa,9360.0,rural
72,Varkauden kaupunki,city,cityofvarkaus,3312805799,45,506,551,False,Varkaus,2782,545,0.2,0.08,https://twitter.com/cityofvarkaus,247,2579,241,2575,0,0,0,0,62.3167,27.8833,21155,2015,0.9757085020242916,0.0,0.0,0.0004234600374964,0.0,0.0,0.000392272081186,Varkaus,Northern and Eastern Finland,North Savo,19759.0,smaller_cities
73,Taivassalon kunta,city,TaivassalonK,3343726335,5,98,103,False,Taivassalo,2766,270,0.1,0.05,https://twitter.com/taivassalonk?lang=en,254,3006,238,2967,1,1,4,32,60.5617,21.6083,1633,2015,0.937007874015748,0.0157480314960629,0.0039370078740157,0.0004181887507226,0.0002222222222222,5.145621076463929e-05,0.0004033891037297,Taivassalo,Southern Finland,Southwest Finland,1691.0,rural
74,Oriveden kaupunki,city,orivesi,3584924003,296,741,1037,False,Orivesi,2690,3375,1.25,0.29,https://twitter.com/orivesi,1950,37030,1906,36649,14,323,0,0,61.6778,24.3569,9408,2015,0.9774358974358974,0.0,0.0071794871794871,0.0033490241969633,0.0,0.0007203869507049,0.0030968848514686,Orivesi,Western Finland,Pirkanmaa,8935.0,rural
75,Pellon kunta,city,pellonkunta,4834715667,58,122,180,False,Pello,2554,57,0.02,0.32,https://twitter.com/pellonkunta,53,500,53,500,0,0,0,0,66.7756,23.9635,3623,2016,1.0,0.0,0.0,9.312606633738696e-05,0.0,0.0,8.417174211683991e-05,Pello,Northern and Eastern Finland,Lapland,3262.0,rural
76,Kangasniemen kunta,city,KangasniemenK,4871238881,36,343,379,False,Kangasniemi,2543,387,0.15,0.09,https://twitter.com/kangasniemenk?lang=en,276,1742,245,1677,1,1,0,0,61.99,26.6417,5628,2016,0.8876811594202898,0.0,0.0036231884057971,0.0004304884198615,0.0,5.145621076463929e-05,0.0004383283174386,Kangasniemi,Northern and Eastern Finland,South Savo,5154.0,rural
77,Lempäälänkunta,city,Lempaalankunta,694853398735224832,343,1042,1385,False,Lempäälä,2542,2825,1.11,0.25,https://twitter.com/Lempaalankunta,1967,20262,1905,20237,2,4,0,0,61.3139,23.7528,22536,2016,0.9684799186578548,0.0,0.0010167768174885,0.0033472671013721,0.0,0.0001029124215292,0.0031238833347891,Lempäälä,Western Finland,Pirkanmaa,24580.0,smaller_cities
78,uudenkaupungin kaupunki,city,UusikaupunkiFI,707499374704730112,204,312,516,False,Uusikaupunki,2507,318,0.13,0.4,https://twitter.com/uusikaupunkifi,247,2088,238,2053,1,12,0,0,60.7833,21.4167,15510,2016,0.9635627530364372,0.0,0.0040485829959514,0.0004181887507226,0.0,5.145621076463929e-05,0.000392272081186,Uusikaupunki,Southern Finland,Southwest Finland,15092.0,smaller_cities
79,Laukaan kunta,city,LaukaanKunta,714800424465874944,48,436,484,False,Laukaa,2487,557,0.22,0.1,https://twitter.com/laukaankunta?lang=fi,479,6715,476,6697,1,10,0,0,62.4167,25.95,18865,2016,0.9937369519832986,0.0,0.0020876826722338,0.0008363775014452,0.0,5.145621076463929e-05,0.0007607219712069,Laukaa,Western Finland,Central Finland,18775.0,smaller_cities
80,ingå-inkoo,city,inga_inkoo,716933221209018368,120,286,406,False,Ingå,2481,1472,0.59,0.3,https://twitter.com/inga_inkoo,1344,17090,668,7841,25,373,580,8629,60.0458,24.0056,5541,2016,0.4970238095238095,0.431547619047619,0.0186011904761904,0.0011737398549693,0.0322222222222222,0.0012864052691159,0.0021344683283968,Ingå,Helsinki-Uusimaa,Uusimaa,5384.0,rural
81,Heinolan kaupunki,city,Heinolakaupunki,720169287894347777,245,832,1077,False,Heinola,2472,1649,0.67,0.23,https://twitter.com/heinolakaupunki,1376,22273,1351,22083,10,168,0,0,61.2028,26.0319,19575,2016,0.9818313953488372,0.0,0.0072674418604651,0.0023738361438077,0.0,0.0005145621076463,0.0021852890028824,Heinola,Southern Finland,Päijät-Häme,18131.0,smaller_cities
82,Enonkosken kunta,city,enonkoskenkunta,721432621809541120,1,27,28,False,Enonkoski,2469,844,0.34,0.04,https://twitter.com/enonkoskenkunta,815,10213,776,10188,3,21,0,0,62.0889,28.9333,1473,2016,0.9521472392638036,0.0,0.003680981595092,0.0013635061788266,0.0,0.0001543686322939,0.0012943390533061,Enonkoski,Northern and Eastern Finland,South Savo,1341.0,rural
83,Kumlinge kommun,city,Kumlinge,727747262844157952,1,13,14,False,Kumlinge,2451,112,0.05,0.07,https://twitter.com/Kumlinge,107,1894,0,0,0,0,107,1894,60.2583,20.7783,317,2016,0.0,1.0,0.0,0.0,0.0059444444444444,0.0,0.0001699316303113,Kumlinge,Åland,Åland,306.0,rural
84,Hollolan kunta,city,HollolanKunta,727787830949351424,427,1063,1490,False,Hollola,2451,4757,1.94,0.29,https://twitter.com/HollolanKunta/,3893,35360,3408,35313,2,3,1,4,60.9886,25.5128,23915,2016,0.8754174158746468,0.0002568713074749,0.0005137426149499,0.0059881817750531,5.555555555555556e-05,0.0001029124215292,0.0061826526803935,Hollola,Southern Finland,Päijät-Häme,22943.0,smaller_cities
85,Teuvan kunta,city,teuvankunta,732197503156797440,365,316,681,False,Teuva,2439,2983,1.22,0.54,https://twitter.com/teuvankunta?lang=en,1709,24125,1676,24093,0,0,1,6,62.4861,21.7472,5482,2016,0.9806904622586308,0.0005851375073142,0.0,0.0029448922109709,5.555555555555556e-05,0.0,0.0027141416467486,Teuva,Western Finland,South Ostrobothnia,4862.0,rural
86,Mäntsälän Kunta,city,MantsalanKunta,741205516207132672,19,254,273,False,Mäntsälä,2414,56,0.02,0.07,https://twitter.com/mantsalankunta,50,480,50,480,0,0,0,0,60.6331,25.3167,20685,2016,1.0,0.0,0.0,8.785477956357259e-05,0.0,0.0,7.940730388381123e-05,Mäntsälä,Helsinki-Uusimaa,Uusimaa,20912.0,smaller_cities
87,Iisalmi,city,cityofiisalmi,742945598396071937,352,606,958,False,Iisalmi,2409,1612,0.67,0.37,https://twitter.com/cityofiisalmi,1518,23238,1508,23186,3,41,0,0,63.5611,27.1889,21945,2016,0.9934123847167324,0.0,0.0019762845849802,0.0026497001516373,0.0,0.0001543686322939,0.0024108057459125,Iisalmi,Northern and Eastern Finland,North Savo,20801.0,smaller_cities
88,Sastamalan kaupunki,city,Sastamala,765245195147411456,502,844,1346,False,Sastamala,2348,2040,0.87,0.37,https://twitter.com/Sastamala,909,10119,849,10014,3,30,1,1,61.3417,22.9083,25220,2016,0.933993399339934,0.0011001100110011,0.0033003300330033,0.0014917741569894,5.555555555555556e-05,0.0001543686322939,0.0014436247846076,Sastamala,Western Finland,Pirkanmaa,23734.0,smaller_cities
89,Hartolan kunta,city,Hartolan_kunta,769080884649660416,3,131,134,False,Hartola,2337,149,0.06,0.02,https://twitter.com/Hartolan_kunta,136,906,117,902,0,0,0,0,61.5784,26.0142,2982,2016,0.8602941176470589,0.0,0.0,0.0002055801841787,0.0,0.0,0.0002159878665639,Hartola,Southern Finland,Päijät-Häme,2574.0,rural
90,Askolan kunta,city,askolankunta,770892307587534849,155,187,342,False,Askola,2332,363,0.16,0.45,https://twitter.com/askolankunta,226,3901,213,3883,1,3,0,0,60.5278,25.6,5104,2016,0.9424778761061948,0.0,0.0044247787610619,0.0003742613609408,0.0,5.145621076463929e-05,0.0003589210135548,Askola,Helsinki-Uusimaa,Uusimaa,4763.0,rural
91,Tammelan kunta,city,tammelankunta,778854774158594048,469,501,970,False,Tammela,2310,784,0.34,0.48,https://twitter.com/tammelankunta,380,6856,377,6856,0,0,0,0,60.8,23.7667,6280,2016,0.9921052631578948,0.0,0.0,0.0006624250379093,0.0,0.0,0.0006034955095169,Tammela,Southern Finland,Kanta-Häme,5879.0,rural
92,tyrnävän kunta,city,Tyrnavan_kunta,779355426144022529,0,94,94,False,Tyrnävä,2309,0,0.0,0.0,https://twitter.com/tyrnavan_kunta,0,0,0,0,0,0,0,0,64.75,25.65,6793,2016,,,,0.0,0.0,0.0,0.0,Tyrnävä,Northern and Eastern Finland,North Ostrobothnia,6562.0,rural
93,Visit Savitaipale,city,Savitaipale,783923770444644352,87,125,212,False,Savitaipale,2296,163,0.07,0.41,https://twitter.com/Savitaipale,127,833,118,803,3,24,0,0,61.2,27.6833,3613,2016,0.9291338582677166,0.0,0.0236220472440944,0.00020733727977,0.0,0.0001543686322939,0.0002016945518648,Savitaipale,Southern Finland,South Karelia,3256.0,rural
94,Jomala kommun,city,Jomalakommun,786148478653128704,0,2,2,False,Jomala,2290,0,0.0,0.0,https://twitter.com/Jomalakommun,0,0,0,0,0,0,0,0,60.15,19.95,4648,2016,,,,0.0,0.0,0.0,0.0,Jomala,Åland,Åland,5610.0,rural
95,Kärsämäen kunta,city,karsamaenkunta,786547058257776644,4,14,18,False,Kärsämäki,2289,2,0.0,0.22,https://twitter.com/karsamaenkunta,1,9,1,9,0,0,0,0,63.975,25.7583,2658,2016,1.0,0.0,0.0,1.757095591271452e-06,0.0,0.0,1.5881460776762246e-06,Kärsämäki,Northern and Eastern Finland,North Ostrobothnia,2474.0,rural
96,Pornaisten kunta,city,pornaistenkunta,808602055317319681,152,181,333,False,Pornainen,2228,296,0.13,0.46,https://twitter.com/pornaistenkunta,255,2407,229,2387,4,16,0,0,60.475,25.375,5125,2016,0.8980392156862745,0.0,0.0156862745098039,0.0004023748904011,0.0,0.0002058248430585,0.0004049772498074,Pornainen,Helsinki-Uusimaa,Uusimaa,5011.0,rural
97,Äänekosken kaupunki,city,aanekoski_city,824938417163231233,335,438,773,False,Äänekoski,2183,1000,0.46,0.43,https://twitter.com/aanekoski_city?lang=en,631,8813,618,8787,1,20,0,0,62.6042,25.7264,19919,2017,0.9793977812995246,0.0,0.0015847860538827,0.0010858850754057,0.0,5.145621076463929e-05,0.0010021201750136,Äänekoski,Western Finland,Central Finland,18120.0,smaller_cities
98,Tuusulan kunta,city,tuusulankunta,862987397512011777,905,1233,2138,False,Tuusula,2078,2758,1.33,0.42,https://twitter.com/tuusulankunta?lang=en,2227,38623,2209,38550,3,54,0,0,60.4028,25.0292,38646,2017,0.991917377638078,0.0,0.0013471037269869,0.0038814241611186,0.0,0.0001543686322939,0.0035368013149849,Tuusula,Helsinki-Uusimaa,Uusimaa,40384.0,smaller_cities
99,Kaustisen kunta,city,Kaustinenkunta,874902714890813441,69,122,191,False,Kaustinen,2045,240,0.12,0.36,https://twitter.com/kaustinenkunta?lang=en,207,2659,198,2653,2,5,0,0,63.5481,23.6999,4264,2017,0.9565217391304348,0.0,0.0096618357487922,0.0003479049270717,0.0,0.0001029124215292,0.0003287462380789,Kaustinen,Northern and Eastern Finland,Central Ostrobothnia,4198.0,rural
100,Orimattilan kaupunki,city,Olankaupunki,902138593891799040,108,340,448,False,Orimattila,1970,251,0.13,0.24,https://twitter.com/Olankaupunki,202,2331,201,2331,0,0,0,0,60.8042,25.7333,16326,2017,0.995049504950495,0.0,0.0,0.0003531762138455,0.0,0.0,0.0003208055076905,Orimattila,Southern Finland,Päijät-Häme,15735.0,smaller_cities
101,Laitilan kaupunki,city,Laitilankaupunk,904381059856519168,35,275,310,False,Laitila,1964,774,0.39,0.11,https://twitter.com/laitilankaupunk?lang=gu,730,7771,678,7730,1,2,0,0,60.8792,21.6931,8520,2017,0.9287671232876712,0.0,0.0013698630136986,0.001191310810882,0.0,5.145621076463929e-05,0.0011593466367036,Laitila,Southern Finland,Southwest Finland,8366.0,rural
102,Iitin kunta,city,iitinkunta,904652520840192000,9,83,92,False,Kausala,1963,49,0.02,0.1,https://twitter.com/iitinkunta,47,675,47,675,0,0,0,0,60.8928,26.3394,3775,2017,1.0,0.0,0.0,8.258349278975824e-05,0.0,0.0,7.464286565078256e-05,Iitti,Southern Finland,Päijät-Häme,6504.0,rural
103,Pälkäneen kunta,city,palkaneenkunta,905017006956703744,74,136,210,False,Pälkäne,1962,19,0.01,0.35,https://twitter.com/palkaneenkunta?lang=en,16,149,12,149,0,0,0,0,61.3389,24.2681,6676,2017,0.75,0.0,0.0,2.1085147095257425e-05,0.0,0.0,2.5410337242819597e-05,Pälkäne,Western Finland,Pirkanmaa,6347.0,rural
104,Kalajoki,city,Kalajoki,907853359788552194,58,230,288,False,Kalajoki,1954,163,0.08,0.2,https://twitter.com/kalajoki,136,1776,121,1712,3,33,0,0,64.2597,23.9486,12621,2017,0.8897058823529411,0.0,0.0220588235294117,0.0002126085665438,0.0,0.0001543686322939,0.0002159878665639,Kalajoki,Northern and Eastern Finland,North Ostrobothnia,12335.0,smaller_cities
105,Korsholm_Mustasaari,city,KMustasaari,920185536198922240,149,473,622,False,Korsholm,1920,1746,0.91,0.24,https://twitter.com/KMustasaari,1492,27319,719,11984,2,27,703,15237,63.1125,21.6778,19302,2017,0.4819034852546917,0.4711796246648793,0.0013404825737265,0.0012633517301241,0.0390555555555555,0.0001029124215292,0.0023695139478929,Korsholm,Western Finland,Ostrobothnia,19662.0,smaller_cities
106,Haapajärven kaupunki,city,HaapajarvenK,931110567632400384,384,352,736,False,Haapajärvi,1890,1402,0.74,0.52,https://twitter.com/haapajarvenk,1241,12803,1197,12783,4,15,0,0,63.7486,25.3181,7438,2017,0.9645447219983884,0.0,0.0032232070910556,0.0021032434227519,0.0,0.0002058248430585,0.0019708892823961,Haapajärvi,Northern and Eastern Finland,North Ostrobothnia,6687.0,rural
107,Kurikan kaupunki,city,KurikanKaupunki,950980559869800453,119,307,426,False,Kurikka,1835,660,0.36,0.28,https://twitter.com/kurikankaupunki,487,7313,478,7269,1,36,0,0,62.6167,22.4,21734,2018,0.9815195071868584,0.0,0.002053388090349,0.0008398916926277,0.0,5.145621076463929e-05,0.0007734271398283,Kurikka,Western Finland,South Ostrobothnia,19890.0,smaller_cities
108,pöytyän kunta,city,poytyankunta,961492091829399554,168,264,432,False,Pöytyä,1806,629,0.35,0.39,https://twitter.com/poytyankunta,355,3984,308,3962,1,2,0,0,60.7198,22.603,8271,2018,0.8676056338028169,0.0,0.0028169014084507,0.0005411854421116,0.0,5.145621076463929e-05,0.000563791857575,Pöytyä,Southern Finland,Southwest Finland,8154.0,rural
109,kittilän kunta,city,Kittilankunta,972060013299683329,26,240,266,False,Kittilä,1777,470,0.26,0.1,https://twitter.com/kittilankunta,327,6103,326,6080,1,23,0,0,67.6531,24.9114,6416,2018,0.9969418960244648,0.0,0.0030581039755351,0.0005728131627544,0.0,5.145621076463929e-05,0.0005193237674001,Kittilä,Northern and Eastern Finland,Lapland,6637.0,rural
110,Lopen kunta,city,LopenKunta,973878863704084480,122,320,442,False,Loppi,1772,912,0.51,0.28,https://twitter.com/LopenKunta,697,12461,694,12461,0,0,0,0,60.7181,24.4417,8175,2018,0.9956958393113344,0.0,0.0,0.0012194243403423,0.0,0.0,0.0011069378161403,Loppi,Southern Finland,Kanta-Häme,7749.0,rural
111,Vesilahden Kunta,city,VesilahdenKunta,976053286938738689,52,225,277,False,Vesilahti,1766,306,0.17,0.19,https://twitter.com/vesilahdenkunta,240,4411,237,4407,0,0,0,0,61.3167,23.6167,4489,2018,0.9875,0.0,0.0,0.0004164316551313,0.0,0.0,0.0003811550586422,Vesilahti,Western Finland,Pirkanmaa,4501.0,rural
112,Kuortane kunta,city,Kuortaneenkunta,981838254755500034,70,118,188,False,Kuortane,1750,260,0.15,0.37,https://twitter.com/kuortaneenkunta?lang=en,232,3275,232,3275,0,0,0,0,62.8083,23.5083,3715,2018,1.0,0.0,0.0,0.0004076461771749,0.0,0.0,0.0003684498900208,Kuortane,Western Finland,South Ostrobothnia,3437.0,rural
113,Siikalatvan kunta,city,siikalatva,998982605189079040,1522,423,1945,False,Pulkkila,1703,519,0.3,0.78,https://twitter.com/siikalatva,317,2809,267,2715,5,52,1,4,64.2667,25.8667,1843,2018,0.8422712933753943,0.0031545741324921,0.0157728706624605,0.0004691445228694,5.555555555555556e-05,0.0002572810538231,0.0005034423066233,Siikalatva,Northern and Eastern Finland,North Ostrobothnia,5029.0,rural
114,Soinin kunta,city,KuntaSoinin,1001062110389067781,42,104,146,False,Soini,1697,185,0.11,0.29,https://twitter.com/KuntaSoinin,81,1544,79,1509,1,35,0,0,62.875,24.2083,2224,2018,0.9753086419753086,0.0,0.0123456790123456,0.0001388105517104,0.0,5.145621076463929e-05,0.0001286398322917,Soini,Western Finland,South Ostrobothnia,1942.0,rural
115,Kuhmon kaupunki,city,kuhmonkaupunki,1001341405388771328,492,772,1264,False,Kuhmo,1696,2034,1.2,0.39,https://twitter.com/kuhmonkaupunki,1434,29062,1407,28656,14,318,0,0,64.125,29.5167,8806,2018,0.9811715481171548,0.0,0.00976290097629,0.0024722334969189,0.0,0.0007203869507049,0.0022774014753877,Kuhmo,Northern and Eastern Finland,Kainuu,7755.0,rural
116,Kankaanpään kaupunki - City of Kankaanpää,city,Kpaakaupunki,1003674194863968256,85,203,288,False,Kankaanpää,1690,463,0.27,0.3,https://twitter.com/kpaakaupunki?lang=en,381,6847,377,6833,1,14,0,0,61.8042,22.3944,11769,2018,0.989501312335958,0.0,0.0026246719160104,0.0006624250379093,0.0,5.145621076463929e-05,0.0006050836555946,Kankaanpää,Western Finland,Satakunta,12528.0,smaller_cities
117,Sonkajärven kunta,city,sonkajarven,1004969041356877824,0,13,13,False,Sonkajärvi,1686,12,0.01,0.0,https://mobile.twitter.com/sonkajarven,12,100,7,100,0,0,0,0,63.6667,27.5167,4278,2018,0.5833333333333334,0.0,0.0,1.2299669138900165e-05,0.0,0.0,1.9057752932114697e-05,Sonkajärvi,Northern and Eastern Finland,North Savo,3672.0,rural
118,järvenpään kaupunki,city,JarvenpaanKaup,1028915164593225728,638,1427,2065,False,Järvenpää,1620,5436,3.36,0.31,https://twitter.com/jarvenpaankaup,3796,48228,3760,48114,10,86,0,0,60.4722,25.0889,40106,2018,0.9905163329820864,0.0,0.0026343519494204,0.0066066794231806,0.0,0.0005145621076463,0.0060286025108589,Järvenpää,Helsinki-Uusimaa,Uusimaa,45630.0,smaller_cities
119,Kajaanin kaupunki,city,Kajaanikaupunki,1033986040934137856,93,630,723,False,Kajaani,1606,265,0.17,0.13,https://twitter.com/Kajaanikaupunki,216,3261,208,3250,0,0,0,0,64.225,27.7333,37622,2018,0.9629629629629628,0.0,0.0,0.0003654758829844,0.0,0.0,0.000343039552778,Kajaani,Northern and Eastern Finland,Kainuu,36297.0,smaller_cities
120,Lapuan Kaupunki,city,LKaupunki,1034389797308125184,109,274,383,False,Lapua,1605,290,0.18,0.28,https://twitter.com/LKaupunki,216,3168,215,3168,0,0,0,0,62.9708,23.0069,14609,2018,0.9953703703703703,0.0,0.0,0.0003777755521233,0.0,0.0,0.000343039552778,Lapua,Western Finland,South Ostrobothnia,14099.0,smaller_cities
121,Uuraisten kunta,city,Uuraistenkunta,1035068906778578945,53,62,115,False,Uurainen,1603,70,0.04,0.46,https://twitter.com/Uuraistenkunta,65,644,57,640,0,0,0,0,62.5,25.4367,3666,2018,0.8769230769230769,0.0,0.0,0.0001001544487024,0.0,0.0,0.0001032294950489,Uurainen,Western Finland,Central Finland,3592.0,rural
122,Muuramen kunta,city,muuramenkunta,1035100627695792129,199,291,490,False,Muurame,1603,366,0.23,0.41,https://mobile.twitter.com/muuramenkunta,270,4512,269,4512,0,0,0,0,62.1292,25.6722,9791,2018,0.9962962962962963,0.0,0.0,0.000472658714052,0.0,0.0,0.0004287994409725,Muurame,Western Finland,Central Finland,10486.0,smaller_cities
123,Ylivieskan kaupunki,city,YKaupunki,1041586996060217344,59,335,394,False,Ylivieska,1585,188,0.12,0.15,https://twitter.com/ykaupunki?lang=en,148,1974,145,1972,0,0,0,0,64.0722,24.5375,15039,2018,0.9797297297297296,0.0,0.0,0.0002547788607343,0.0,0.0,0.000235045619496,Ylivieska,Northern and Eastern Finland,North Ostrobothnia,15293.0,smaller_cities
124,sodankylän kunta,city,sodankylankunta,1054999923350036480,46,253,299,False,Sodankylä,1548,75,0.05,0.15,https://twitter.com/sodankylankunta,64,1044,64,1044,0,0,0,0,67.4149,26.5907,8782,2018,1.0,0.0,0.0,0.0001124541178413,0.0,0.0,0.0001016413489712,Sodankylä,Northern and Eastern Finland,Lapland,8134.0,rural
125,Konneveden kunta,city,konnevedenkunta,1060460857501667329,287,97,384,False,Konnevesi,1533,197,0.13,0.75,https://twitter.com/konnevedenkunta?lang=en,159,1884,155,1884,0,0,0,0,62.6283,26.2833,2757,2018,0.9748427672955976,0.0,0.0,0.000272349816647,0.0,0.0,0.0002525152263505,Konnevesi,Western Finland,Central Finland,2521.0,rural
126,KronobyKruunupyy,city,KronobyK,1061943338167926784,106,113,219,False,Kronoby,1529,419,0.27,0.48,https://twitter.com/KronobyK,267,4756,165,2948,0,0,91,1779,63.725,23.0333,6682,2018,0.6179775280898876,0.3408239700374532,0.0,0.0002899207725597,0.0050555555555555,0.0,0.0004240350027395,Kronoby,Western Finland,Ostrobothnia,6405.0,rural
127,Nurmijärven kunta,city,nj_kunta,1065928919042457601,160,480,640,False,Nurmijärvi,1518,1467,0.97,0.25,https://twitter.com/nj_kunta,985,17522,973,17491,1,12,0,0,60.4667,24.8083,42709,2018,0.9878172588832488,0.0,0.0010152284263959,0.0017096540103071,0.0,5.145621076463929e-05,0.001564323886511,Nurmijärvi,Helsinki-Uusimaa,Uusimaa,44458.0,smaller_cities
128,Luhanka_HQ,city,LuhankaHQ,1070039094426767360,20,192,212,False,Luhanka,1507,350,0.23,0.09,https://twitter.com/luhankahq,288,2630,226,2387,14,117,0,0,61.8,25.7,761,2018,0.7847222222222222,0.0,0.0486111111111111,0.0003971036036273,0.0,0.0007203869507049,0.0004573860703707,Luhanka,Western Finland,Central Finland,692.0,rural
129,Ristijärven kunta,city,ristijarvikunta,1083273078803759105,1128,681,1809,False,Ristijärvi,1470,848,0.58,0.62,https://twitter.com/ristijarvikunta,813,9343,760,9272,2,24,0,0,64.5056,28.2139,1351,2019,0.9348093480934808,0.0,0.002460024600246,0.0013353926493663,0.0,0.0001029124215292,0.0012911627611507,Ristijärvi,Northern and Eastern Finland,Kainuu,1174.0,rural
130,Miehikkälän kunta,city,Miehikkala,1091197825071886336,92,127,219,False,Miehikkälä,1448,29,0.02,0.42,https://twitter.com/Miehikkala,13,100,11,89,1,11,0,0,60.6708,27.7,2085,2019,0.8461538461538461,0.0,0.0769230769230769,1.932805150398597e-05,0.0,5.145621076463929e-05,2.064589900979092e-05,Miehikkälä,Southern Finland,Kymenlaakso,1791.0,rural
131,Sotkamon kunta,city,sotkamonkunta,1093133486540623873,7,15,22,False,Sotkamo,1443,0,0.0,0.32,https://twitter.com/sotkamonkunta,0,0,0,0,0,0,0,0,64.1333,28.3833,10523,2019,,,,0.0,0.0,0.0,0.0,Sotkamo,Northern and Eastern Finland,Kainuu,10354.0,smaller_cities
132,Lapinjärven kunta - Lappträsk kommun,city,lapinjarvi,1105019553409568769,64,124,188,False,Lappträsk,1410,402,0.29,0.34,https://twitter.com/lapinjarvi?lang=fi,318,5651,221,3660,1,13,87,1969,60.6167,26.2,2774,2019,0.6949685534591195,0.2735849056603773,0.0031446540880503,0.0003883181256709,0.0048333333333333,5.145621076463929e-05,0.000505030452701,Lapinjärvi,Helsinki-Uusimaa,Uusimaa,2518.0,rural
133,Asikkalan kunta,city,asikkalankunta,1107964981092511744,367,348,715,False,Vääksy,1402,84,0.06,0.51,https://twitter.com/asikkalankunta,42,607,42,607,0,0,0,0,61.1722,25.5472,4420,2019,1.0,0.0,0.0,7.379801483340099e-05,0.0,0.0,6.670213526240143e-05,Asikkala,Southern Finland,Päijät-Häme,8014.0,rural
134,Haminan kaupunki,city,Haminankaupunki,1111225036390707201,242,710,952,False,Hamina,1393,1167,0.84,0.25,https://twitter.com/Haminankaupunki,809,12916,800,12902,2,7,0,0,60.5697,27.1981,19877,2019,0.9888751545117428,0.0,0.0024721878862793,0.0014056764730171,0.0,0.0001029124215292,0.00128481017684,Hamina,Southern Finland,Kymenlaakso,19549.0,smaller_cities
135,Viitasaaren kaupunki - Pikkasen parempi periferia,city,ViitasaariFi,1121377315404025858,121,193,314,False,Viitasaari,1365,350,0.26,0.39,https://twitter.com/viitasaarifi?lang=en,202,3400,199,3400,0,0,0,0,63.075,25.8597,6666,2019,0.9851485148514852,0.0,0.0,0.000349662022663,0.0,0.0,0.0003208055076905,Viitasaari,Western Finland,Central Finland,5951.0,rural
136,inarin kunta,city,InarinKunta,1129306925097803776,119,354,473,False,Inari,1343,395,0.29,0.25,https://twitter.com/inarinkunta,254,3781,240,3724,3,9,0,0,68.9055,27.0176,6804,2019,0.9448818897637796,0.0,0.0118110236220472,0.0004217029419051,0.0,0.0001543686322939,0.0004033891037297,Inari,Northern and Eastern Finland,Lapland,7047.0,rural
137,Kimitoön | Kemiönsaari,city,Kimitoonskommun,1156175802129686528,41,207,248,False,Kimito,1269,1110,0.87,0.17,https://twitter.com/kimitoonskommun/,1044,10972,306,5244,3,80,250,5538,60.1639,22.7278,3339,2019,0.293103448275862,0.239463601532567,0.0028735632183908,0.000537671250929,0.0138888888888888,0.0001543686322939,0.0016580245050939,Kimitoön,Southern Finland,Southwest Finland,6549.0,rural
138,Nivalan kaupunki,city,NivalanKaupunki,1168445858704216069,58,172,230,False,Nivala,1235,507,0.41,0.25,https://twitter.com/NivalanKaupunki,465,7141,456,7140,0,0,0,0,63.9292,24.9778,10876,2019,0.9806451612903224,0.0,0.0,0.0008012355896197,0.0,0.0,0.0007384879261194,Nivala,Northern and Eastern Finland,North Ostrobothnia,10419.0,smaller_cities
139,Rautjärven kunta,city,rautjarvenkunta,1169200841942851585,61,83,144,False,Simpele,1233,222,0.18,0.42,https://twitter.com/rautjarvenkunta,208,3063,186,2706,18,347,0,0,61.4333,29.367,3893,2019,0.8942307692307693,0.0,0.0865384615384615,0.0003268197799764,0.0,0.0009262117937635,0.0003303343841566,Rautjärvi,Southern Finland,South Karelia,3093.0,rural
140,Ähtärin kaupunki,city,Ahtarinkaupunki,1169506045577895936,246,196,442,False,Ähtäri,1232,188,0.15,0.56,https://twitter.com/ahtarinkaupunki?lang=en,140,2022,138,2020,1,2,0,0,62.55,24.0694,6068,2019,0.9857142857142858,0.0,0.0071428571428571,0.0002424791915954,0.0,5.145621076463929e-05,0.0002223404508746,Ähtäri,Western Finland,South Ostrobothnia,5406.0,rural
141,Posion kunta tiedottaa,city,PTiedottaa,1171631399692095488,0,12,12,False,Posio,1226,4,0.0,0.0,https://twitter.com/PTiedottaa,3,9,2,9,0,0,0,0,66.1097,28.1739,3477,2019,0.6666666666666666,0.0,0.0,3.514191182542904e-06,0.0,0.0,4.764438233028674e-06,Posio,Northern and Eastern Finland,Lapland,2999.0,rural
142,Kiteen kaupunki,city,KiteenKaupunki,1179722672844001282,66,145,211,False,Kitee,1204,328,0.27,0.31,https://twitter.com/kiteenkaupunki?lang=en,207,3277,202,3275,0,0,0,0,62.0986,30.1375,10832,2019,0.9758454106280192,0.0,0.0,0.0003549333094368,0.0,0.0,0.0003287462380789,Kitee,Northern and Eastern Finland,North Karelia,9727.0,rural
143,Toivakan kunta,city,toivakan,1180007707295801344,64,85,149,False,Toivakka,1203,67,0.06,0.43,https://twitter.com/toivakan,45,403,39,402,0,0,0,0,62.1,26.0833,2431,2019,0.8666666666666667,0.0,0.0,6.852672805958663e-05,0.0,0.0,7.146657349543011e-05,Toivakka,Western Finland,Central Finland,2407.0,rural
144,Hausjärven kunta,city,HausjarvenKunta,1194235613391785990,150,132,282,False,Oitti,1164,113,0.1,0.53,https://twitter.com/hausjarvenkunta?lang=en,81,620,81,620,0,0,0,0,60.7833,25.0333,1963,2019,1.0,0.0,0.0,0.0001423247428929,0.0,0.0,0.0001286398322917,Hausjärvi,Southern Finland,Kanta-Häme,8031.0,rural
145,Ypäjän kunta,city,YpajanKunta,1205457833115996162,1278,401,1679,False,Ypäjä,1133,164,0.14,0.76,https://twitter.com/YpajanKunta,137,1155,126,1139,0,0,1,9,60.8083,23.2833,2411,2019,0.9197080291970804,0.0072992700729927,0.0,0.0002213940445002,5.555555555555556e-05,0.0,0.0002175760126416,Ypäjä,Southern Finland,Kanta-Häme,2237.0,rural
146,Euran kunta,city,EuranKunta,1205467049239207936,47,36,83,False,Eura,1133,0,0.0,0.57,https://twitter.com/eurankunta,0,0,0,0,0,0,0,0,61.1333,22.0833,12128,2019,,,,0.0,0.0,0.0,0.0,Eura,Western Finland,Satakunta,11276.0,smaller_cities
147,Isokyrö,city,isokyro,1215930841064509442,2,17,19,False,Isokyrö,1104,1,0.0,0.11,https://mobile.twitter.com/isokyro,1,21,1,21,0,0,0,0,63.0,22.3167,4785,2020,1.0,0.0,0.0,1.757095591271452e-06,0.0,0.0,1.5881460776762246e-06,Isokyrö,Western Finland,South Ostrobothnia,4406.0,rural
148,Taipalsaaren kunta,city,Taipalsaari,1216610292194598913,215,198,413,False,Taipalsaari,1102,396,0.36,0.52,https://twitter.com/Taipalsaari,178,1910,160,1901,3,7,0,0,61.1597,28.0597,4815,2020,0.898876404494382,0.0,0.0168539325842696,0.0002811352946034,0.0,0.0001543686322939,0.0002826900018263,Taipalsaari,Southern Finland,South Karelia,4559.0,rural
149,Loviisan kaupunki - Lovisa stad,city,Loviisa_Lovisa,1217417582917160961,92,192,284,False,Loviisa,1100,1038,0.94,0.32,https://twitter.com/Loviisa_Lovisa,963,20035,501,9036,7,238,444,10676,60.4569,26.225,15311,2020,0.5202492211838006,0.4610591900311526,0.0072689511941848,0.0008803048912269,0.0246666666666666,0.0003601934753524,0.0015293846728022,Loviisa,Helsinki-Uusimaa,Uusimaa,14568.0,smaller_cities
150,Lapinlahden kunta,city,LapinlahdenK,1219218442420617217,0,28,28,False,Lapinlahti,1095,10,0.01,0.0,https://twitter.com/lapinlahdenk?lang=en,10,173,10,173,0,0,0,0,63.3667,27.3833,9982,2020,1.0,0.0,0.0,1.757095591271452e-05,0.0,0.0,1.5881460776762248e-05,Lapinlahti,Northern and Eastern Finland,North Savo,9099.0,rural
151,Porvoon kaupunki - Borgå stad,city,PorvooBorga,1223199539659714561,110,525,635,False,Porvoo,1084,479,0.44,0.17,https://twitter.com/porvooborga,385,8492,255,5174,3,68,116,3191,60.3931,25.6639,49928,2020,0.6623376623376623,0.3012987012987013,0.0077922077922077,0.0004480593757742,0.0064444444444444,0.0001543686322939,0.0006114362399053,Porvoo,Helsinki-Uusimaa,Uusimaa,51232.0,smaller_cities
152,Myrskylän kunta - Mörskom kommun,city,myrskylamorskom,1227153722058452994,84,95,179,False,Myrskylä,1073,216,0.2,0.47,https://twitter.com/myrskylamorskom,88,1253,82,1219,0,0,2,33,60.6667,25.85,1969,2020,0.9318181818181818,0.0227272727272727,0.0,0.0001440818384842,0.0001111111111111,0.0,0.0001397568548355,Myrskylä,Helsinki-Uusimaa,Uusimaa,1764.0,rural
153,Vihdin kunta,city,VihdinKunta,1230503366712799232,104,254,358,False,Vihti,1064,559,0.53,0.29,https://twitter.com/vihdinkunta,350,6131,348,6100,0,0,1,29,60.4167,24.3331,28919,2020,0.9942857142857144,0.0028571428571428,0.0,0.0006114692657624,5.555555555555556e-05,0.0,0.0005558511271866,Vihti,Helsinki-Uusimaa,Uusimaa,28913.0,smaller_cities
154,Naantalin kaupunki,city,NaantaliK,1230761720710234114,164,447,611,False,Naantali,1063,1303,1.23,0.27,https://twitter.com/NaantaliK,854,12441,852,12437,0,0,0,0,60.4681,22.0264,18916,2020,0.9976580796252928,0.0,0.0,0.0014970454437632,0.0,0.0,0.0013562767503354,Naantali,Southern Finland,Southwest Finland,19850.0,smaller_cities
155,Valkeakosken kaupunki,city,VLKkaupunki,1240191665626910720,4,100,104,False,Valkeakoski,1037,16,0.02,0.04,https://twitter.com/vlkkaupunki?lang=en,16,223,16,223,0,0,0,0,61.2667,24.0306,20800,2020,1.0,0.0,0.0,2.811352946034323e-05,0.0,0.0,2.5410337242819597e-05,Valkeakoski,Western Finland,Pirkanmaa,20703.0,smaller_cities
156,Reisjärven kunta,city,reisjarvenkunta,1276479455620411393,3,11,14,False,Reisjärvi,937,55,0.06,0.21,https://twitter.com/reisjarvenkunta?lang=en,54,1061,53,1060,0,0,0,0,63.6056,24.9319,2894,2020,0.9814814814814816,0.0,0.0,9.312606633738696e-05,0.0,0.0,8.575988819451613e-05,Reisjärvi,Northern and Eastern Finland,North Ostrobothnia,2636.0,rural
157,Raahen kaupunki - City of Raahe,city,cityofraahe,1276774805824561153,137,244,381,False,Raahe,936,247,0.26,0.36,https://twitter.com/cityofraahe,145,2643,139,2556,4,64,0,0,64.6847,24.4792,25165,2020,0.9586206896551724,0.0,0.0275862068965517,0.0002442362871867,0.0,0.0002058248430585,0.000230281181263,Raahe,Northern and Eastern Finland,North Ostrobothnia,24073.0,smaller_cities
158,Vesannon kunta,city,VesannonK,1303198560725409793,39,37,76,False,Vesanto,863,33,0.04,0.51,https://twitter.com/VesannonK,29,381,26,381,0,0,0,0,62.9333,26.4167,2191,2020,0.896551724137931,0.0,0.0,4.568448537305775e-05,0.0,0.0,4.6056236252610514e-05,Vesanto,Northern and Eastern Finland,North Savo,1894.0,rural
159,Suomussalmen kunta,city,SuomussalmenK,1311209780170682368,61,212,273,False,Suomussalmi,841,268,0.32,0.22,https://twitter.com/SuomussalmenK,218,2265,214,2259,0,0,0,0,64.8833,28.9167,8336,2020,0.981651376146789,0.0,0.0,0.000376018456532,0.0,0.0,0.0003462158449334,Suomussalmi,Northern and Eastern Finland,Kainuu,7367.0,rural
160,Kontiolahden kunta,city,Kontiolahti_fi,1354326543758188545,67,188,255,False,Kontiolahti,722,122,0.17,0.26,https://twitter.com/Kontiolahti_fi,119,1689,106,1657,0,0,0,0,62.7667,29.85,14827,2021,0.8907563025210085,0.0,0.0,0.0001862521326747,0.0,0.0,0.0001889893832434,Kontiolahti,Northern and Eastern Finland,North Karelia,15157.0,smaller_cities
161,Utajärven kunta,city,utajarvi,1437343168048009216,90,41,131,False,Utajärvi,493,24,0.05,0.69,https://twitter.com/utajarvi,6,92,6,92,0,0,0,0,64.75,26.4167,2861,2021,1.0,0.0,0.0,1.0542573547628712e-05,0.0,0.0,9.528876466057349e-06,Utajärvi,Northern and Eastern Finland,North Ostrobothnia,2523.0,rural
162,Sallan kunta,city,SallanKunta,1535523629458501633,4,6,10,False,Salla,222,3,0.01,0.4,https://mobile.twitter.com/sallankunta,3,62,3,62,0,0,0,0,66.8333,28.6667,3727,2022,1.0,0.0,0.0,5.271286773814356e-06,0.0,0.0,4.764438233028674e-06,Salla,Northern and Eastern Finland,Lapland,3336.0,rural
163,Tervolan kunta,city,tervolankunta,1568174610411044865,26,4,30,False,Tervola,132,36,0.27,0.87,https://twitter.com/tervolankunta,32,589,32,589,0,0,0,0,66.0821,24.808,3195,2022,1.0,0.0,0.0,5.622705892068646e-05,0.0,0.0,5.082067448563919e-05,Tervola,Northern and Eastern Finland,Lapland,2863.0,rural
